1,Celene,Burnitt,4335750174
2,Bili,Fairbard,8318975870
3,Coleman,Ealden,9967828396
4,Barnie,Winram,4579320008
5,Christine,Olyff,7726511670
6,Sarena,Cookson,9157982592
7,Averill,Pedron,8243660667
8,Cole,Bertelet,3694880008
9,Vittoria,Villa,9233736897
10,Jobye,Massel,9559492883
11,Rodney,Wanklin,2136723644
12,Antoinette,Youle,9302428715
13,Flossy,Baynard,4776820636
14,Cristobal,Cuttler,6278405976
15,Romain,Portwain,2688048872
16,Tyler,Wolverson,2303335691
17,Fabiano,Basire,9546303291
18,Swen,Brockelsby,6378093481
19,Agathe,McCrudden,6436584009
20,Duff,Breeze,7657257851
21,Leslie,Searson,9965684682
22,Penny,Corser,6091009115
23,Mufinella,Jatczak,2036284885
24,Gwenora,Domotor,7874078485
25,Rhys,Brisker,2003368790
26,Cinderella,Reiling,8026382271
27,Piotr,O'Bradden,4346626899
28,Lorna,O'Codihie,9857356294
29,Irma,Swift,3408842886
30,Elvis,Gogay,3913376854
31,Cristal,Evans,7374309833
32,Morton,Soggee,9597560965
33,Rutledge,Swatman,1744282750
34,Marianne,Riveles,7059405766
35,Adriana,Airlie,9927357259
36,Elenore,Bevis,7558847761
37,Micaela,Philps,4243289935
38,Che,Becken,8907666233
39,Margaretta,Moreman,3216321434
40,Eal,Marcq,5016102846
41,Bernardine,Cutting,9682310124
42,Eran,Celiz,1336094766
43,Retha,Botwood,9671404573
44,Carlos,Kinchin,8097110746
45,Peta,Dell,4971270880
46,Rowland,Adamthwaite,3658405923
47,Yuma,Stops,3814712124
48,Diann,Vallentin,9334690791
49,Tommie,MacKeeg,3813757702
50,Albie,Robarts,9833324760
51,Elaine,Landeaux,8832083885
52,Perkin,Waddy,6004778807
53,Cindelyn,Pinnington,6838970688
54,Wells,Ollin,3842510316
55,Flint,Gert,6438398350
56,Teddie,Harriot,3764876566
57,Esra,Perks,2069132355
58,Katrinka,Schiesterl,9555201874
59,Kirstin,Bassom,5078540867
60,Cortie,McIlrath,3768722726
61,Nike,Richin,4763670869
62,Dunn,Jenner,7921622923
63,Homer,Realff,1022500977
64,Zolly,Laite,4303229759
65,Shannah,Tyrone,5039293072
66,Brnaba,Whittam,1495914507
67,Tomasina,Crissil,2711648394
68,Rosie,Aiers,8914049450
69,Hilario,Rosenbusch,4501035887
70,Winifred,Maraga,7827586606
71,Charlena,Wilby,9908467519
72,Anastasie,Tayler,5026977580
73,Raymond,Grestye,9783942702
74,Russ,Mixter,3862788283
75,Conney,Maharey,9497896749
76,Bobbie,Snadden,4165210732
77,Foss,Diem,6549180007
78,Hi,McBratney,5478734760
79,Wynne,Marle,9147545688
80,Reese,Downie,1953190372
81,Casar,Filde,4129766936
82,Tim,Bunford,1896663254
83,Kelila,Kenner,3546224557
84,Shamus,Tourner,1535989315
85,Caty,Guesford,2495896700
86,Rolf,Brahm,7479358498
87,Agnese,De Francesco,9296509849
88,Casey,Campo,3928195756
89,Hattie,Pettecrew,9072495083
90,Adiana,Smewing,4781670168
91,Maura,Tonn,8081992451
92,Hortense,Rosenberg,3488494464
93,Fulton,Allport,4625525601
94,Verla,Still,3804421303
95,Angelia,Terrazzo,3853703552
96,Abbye,McIlvaney,1507092580
97,Cesaro,Golland,6423665781
98,Anders,Freyn,7175270374
99,Collie,Gosdin,6737660025
100,Marcy,Fullwood,4206009819
101,Cleo,Ruddoch,9093132378
102,Marta,Wickenden,6249153344
103,D'arcy,Broadbent,4955366105
104,Lonny,Loynes,2099588643
105,Noelani,Duiguid,5014903702
106,Trescha,Pearce,7587872849
107,Gloriana,Shewon,4814294808
108,Dana,Kilalea,5654057949
109,Kessia,Levington,9413385405
110,Abbie,Cornthwaite,1963282410
111,Aldin,Killerby,8374222441
112,Penni,Mifflin,6456848656
113,Letitia,Essery,7639122508
114,Chaim,Abrashkov,7541262739
115,Ingaberg,Vesque,8674802620
116,Claire,Hundey,4779480616
117,Dave,Greenstead,3055126014
118,Hillary,Indge,2185868977
119,Shalne,Charle,9804201861
120,Kristofer,Brunini,6408814582
121,Karon,Edkins,1235143824
122,Kassey,Antonijevic,7341029129
123,Angelo,Ogers,9802880525
124,Vevay,Rotlauf,2109088204
125,Sayre,Draycott,8753687132
126,Jerad,Heyward,8195915053
127,Jacobo,Igounet,6082821261
128,Poppy,Paddy,4183938220
129,Filberto,Asaaf,3396571069
130,Johny,Goulding,6456989818
131,Trista,Gailor,2193702989
132,Cordell,Ainscow,6591352128
133,Faith,McEvay,5415705122
134,Daria,Jore,4505130650
135,Milly,McElree,7386241067
136,Jacobo,Granleese,5572911245
137,Ulises,Hartgill,7945554966
138,Sonja,Attwoul,3054289157
139,Horten,Baseggio,3851200073
140,Stillmann,Doxsey,1373391606
141,Tristam,Jackling,1302239223
142,Laverna,Hayne,2139315917
143,Drona,Heindle,4406678619
144,Brynna,Messham,7774843627
145,Tarah,Holborn,8563548220
146,Zollie,Clorley,2039999302
147,Alleyn,Bonifant,2601470287
148,Kat,Pancoast,6252028574
149,Reggi,Rivalant,6834466868
150,Putnam,Paulmann,3681954944
151,Eartha,Groucutt,7961642475
152,Karel,Longmate,5964190347
153,Gabriell,Sprague,4512194036
154,Dorena,Balcombe,6936583155
155,Derrek,Turl,9566677987
156,Sheba,McKelvey,5068263882
157,Addie,Filgate,9588426550
158,Maxy,Bernollet,6251603393
159,Robbi,Gerdts,3553041035
160,Maudie,Garrelts,6028011444
161,Lynnet,McGrah,1312378253
162,Garnet,Bradman,5151195017
163,Priscilla,Alsobrook,3916731109
164,Frasier,Wickerson,4143191511
165,Obediah,Vickers,1034153087
166,Chalmers,Ivamy,6494343140
167,Glenden,Hawlgarth,7467201691
168,Waldo,Dallicoat,7778862494
169,Andros,Quinnelly,8429344419
170,Jeanna,Teek,7389182219
171,Aryn,Ricardot,5934777163
172,Brandy,Baszniak,8277878320
173,Hazel,McVeighty,2424741181
174,Marcello,Gaskarth,6451136226
175,Gilli,Kornel,8888170168
176,Britta,Aiken,8519116185
177,Adina,Gieves,3524381934
178,Nicolas,McNabb,5566077117
179,Artemis,Simioli,8136928868
180,Calv,Trenbay,5133435444
181,Hattie,Coultass,9351026859
182,Nelie,Delph,4469521656
183,Dion,Vanezis,2103415558
184,Jule,Alessandrucci,4085847228
185,Margeaux,Tigner,4797339158
186,Theresa,Peatt,5254058546
187,Anna-maria,Riggulsford,4573795719
188,Perle,Blaydon,1282174329
189,Riley,Carnier,3833130160
190,Odelia,Currey,2298265768
191,Isak,Curme,5423766748
192,Cecelia,Fidoe,4207503157
193,Dorthea,Clemoes,8347947179
194,Minnie,Otson,7648412729
195,Daphne,Buxsy,4141011316
196,Tristam,Lendon,6045517783
197,Irwin,Hearle,7657715020
198,Alex,Deneve,9911002846
199,Herman,Brecher,5328067139
200,Maisie,Spragge,1322245649
201,Ravi,Perring,1685640822
202,Ritchie,Crates,4812059927
203,Ardenia,Stimpson,9711097714
204,Godwin,Skitt,6231212551
205,Laney,Bresman,1382041814
206,Rozina,Trahair,5642089148
207,Sheilakathryn,Steels,3239410409
208,Neila,Weiser,7501239618
209,Brent,Tregiddo,5141579944
210,Dyna,Espinoza,4193889637
211,Dulcine,Wesker,2436965554
212,Rinaldo,Baroux,1814868158
213,Genovera,Hewlings,6976183166
214,Kaiser,Saller,6542308066
215,Larry,Mapplebeck,9403791506
216,Randolph,Blei,1818565866
217,Jory,Morby,2366626830
218,Alvera,Hadcock,7079611028
219,Genevieve,Molloy,4896690513
220,Antonino,Keatch,3063468683
221,Reidar,Minchi,5973896287
222,Dominique,Gange,8304450138
223,Everard,Olenin,5316103948
224,Con,Biddwell,2324816776
225,Maia,Nutbean,5497431338
226,Alix,Luxen,9098493399
227,Ellen,Garthside,4929993073
228,Wayne,Whiteside,5547786330
229,Merrielle,Dovidian,2244865128
230,Tammie,Huygen,8021444590
231,Ingrim,Marfe,4223200745
232,Rorie,Austins,6768538661
233,Ignacio,Mossdale,9992213195
234,Bastian,Yegorkov,4285739586
235,Inge,MacCaughey,9661839690
236,Leicester,Keeling,9461272852
237,Kimberly,Betts,7177182822
238,Evelin,Voak,7452379371
239,Sergio,Kingzett,9206164629
240,Ivor,Hadny,6943144091
241,Lorrie,Cattermoul,1401757416
242,Atlanta,Gave,6003480427
243,Ned,Mallord,5281423995
244,Daphna,McTurlough,3818934278
245,Clerkclaude,Lilbourne,2097409910
246,Adena,Riste,9139995226
247,Alison,Rolph,9571825115
248,Obadias,Ferrarotti,3249765843
249,Sophey,Priestnall,1812999313
250,Shep,Seatter,9651066584
251,Cammy,Westby,4778562017
252,Iggy,Frood,5339414214
253,Mord,Cristou,8595545750
254,Raeann,Moult,9529817713
255,Atlanta,Georges,5072361983
256,Liliane,Ashbe,3733110025
257,Raviv,Smitheman,9174717726
258,Robbie,Ledram,4011339570
259,Lind,Learmouth,7537364148
260,Nicki,Addionizio,1802792640
261,Patsy,Wallbutton,4423556238
262,Clifford,Gonzalvo,5047778507
263,Washington,Tocher,8865429523
264,Yuma,Heath,6946736154
265,Rycca,Kinsella,7718116038
266,Fleming,Connikie,8526466508
267,Uri,Pellew,2025455753
268,Gayle,Saleway,1945238389
269,Billi,Whithalgh,6445041256
270,Layney,Dreher,7099092107
271,Janean,Sills,1478428177
272,Coleen,Dance,3214078206
273,Massimo,Halvosen,5977691186
274,Creigh,Myall,3511693188
275,Lucas,Sunley,7364538079
276,Thomasine,Patel,6049707439
277,Nessie,Meatyard,5273783431
278,Glad,Mayo,8827066581
279,Hertha,Lancaster,3387759674
280,Werner,Frisch,1835033560
281,Heall,Sartin,3715392813
282,Lynn,Ibert,3652114687
283,Caritta,Camelli,2034199005
284,Tallie,Bedo,7312686072
285,Eugene,Spruce,7971108001
286,Torry,Chittleburgh,4782240279
287,Bronson,Marjanovic,4845030515
288,Roxanne,Letford,8807744134
289,Dore,Vowels,9447534003
290,Charis,Letteresse,4384852141
291,Claybourne,Furzey,6878274505
292,Raphael,Francesc,6966531853
293,Rivalee,O'Siaghail,5333592541
294,Jessi,Reynold,6987413999
295,Ivie,MacAvddy,7055470357
296,Raine,Dronsfield,1641839071
297,Rawley,Beuscher,4563624418
298,Elvera,Jaquin,1737501227
299,Kary,Nicol,6494789116
300,Gram,Tidridge,6325573805
301,Gerri,Srutton,2834996142
302,Tate,Lehenmann,3795800138
303,Franklin,Barniss,8553137023
304,Althea,Bolliver,7147981328
305,Loraine,Foxten,5378929415
306,Annabelle,Grunguer,6599543972
307,Chad,Syphas,5448319427
308,Kacie,Reinger,5366886128
309,Ronalda,Le Prevost,3706993424
310,Barrett,Mapston,7852522564
311,Gallagher,Rickets,5362558799
312,Thorn,Cyples,4819779811
313,Salvador,Knotton,3571742557
314,Querida,Tunny,9267056537
315,Ingram,Mirralls,6308052367
316,Ceil,Lewin,1615794843
317,Pooh,Newson,3828640150
318,Chandal,Shipperbottom,6752810438
319,Mei,MacTrustam,8096501893
320,Crystie,Borthwick,4407742344
321,Samuele,Lawlan,1607733196
322,Vanni,Robottom,9995895153
323,Lydia,Middlewick,5568936217
324,Daniela,Lief,5098932512
325,Gabie,Pinnijar,5016227264
326,Rhona,MacQuist,5828329339
327,Zebulen,MacGorrie,7485487577
328,Trent,Ure,2503852178
329,Ricky,Saffrin,2504360404
330,Aaron,Orans,4499463717
331,Alvinia,Rolance,4993577579
332,Mildred,Glander,3082495039
333,Chic,Buttler,6732787696
334,Purcell,Garnall,6657426067
335,Ilario,Dabbs,7446731664
336,Meriel,Worviell,1146118856
337,Maddy,Larvent,1834060608
338,Hi,Clarridge,1996683511
339,Shurlock,Whitelock,4816371628
340,Simona,Androli,9975068879
341,Angelo,Horley,5909692426
342,Kerwinn,Fassan,3275142614
343,Elsinore,Whatmough,7593590290
344,Ann-marie,Gillard,7218406384
345,Maddi,Holdin,6605350134
346,Mirelle,Leversha,7366972322
347,Warner,Brookfield,5402559618
348,Madelena,Crowley,6985901651
349,Sallyann,Coppenhall,3111197117
350,Eloise,Seage,5974482993
351,Bette,Worge,1443297231
352,Myron,Swarbrick,4233596457
353,Anneliese,Darlison,7029229118
354,Julina,Main,4735717325
355,Dorelle,Brumble,9015803319
356,Richmond,Marnes,3109942700
357,Kellby,Sinyard,1167867477
358,Neda,Escott,3771780447
359,Georgina,Gates,8777837929
360,Kathy,Holme,1344141641
361,Cynthie,Bompas,6819875056
362,Dolorita,Dickins,9168037294
363,Dion,Janz,2936752803
364,Maddalena,Brigginshaw,6501868790
365,Aarika,Chavez,3771230988
366,Cordula,Osborne,5719814627
367,Alicia,Trevear,1945408232
368,Xymenes,Berridge,5495471891
369,Hortensia,Cuer,2902111443
370,Sarene,Bancroft,2411530145
371,Daisy,Gribbell,9799259155
372,Budd,Brettoner,1061182406
373,Lorinda,Trinbey,1742485022
374,Robinson,Miroy,8467955037
375,Clarette,Rebillard,6929263270
376,Sheff,Clendening,3502558149
377,Alayne,Sinderson,2168889255
378,Maryl,Steer,2163040571
379,Ario,Dedam,6375870949
380,Malva,Ewbanche,6587803342
381,Nickie,Downer,9063691880
382,Elie,Croker,1429097926
383,Gweneth,Lampe,3542679846
384,Granger,Hilley,2526947197
385,Arlee,Feldhammer,1576494869
386,Gradeigh,Mallinson,3859622543
387,Malanie,Bolter,1169470986
388,Sherry,McAsgill,1779395729
389,Linette,Gover,5357566900
390,Gelya,Belmont,7634331124
391,Frederic,Barzen,1338519965
392,Beatrice,Kirtley,6608307398
393,Delinda,Almey,4379481549
394,Rosita,Draysay,5012011096
395,Ciro,Delmonti,2513010835
396,Liam,Duchan,7745214492
397,Kienan,Linfoot,3385205553
398,Jesus,Neesham,1196041864
399,Margaret,Primett,7338714470
400,Wilmer,Gon,6366287297
401,Lita,Levinge,1772946253
402,Amberly,Warre,7888362255
403,Cornelle,McNair,1928519940
404,Tanney,Fardoe,4347212878
405,Tye,Sheahan,5896235844
406,Elysia,Ravenscroftt,3288089867
407,Neill,Lackner,1013765131
408,Winnah,Gordon,1175845042
409,Lenci,Hofler,5986890554
410,Igor,Obington,7972000484
411,Nichole,Dymond,2731948930
412,Candace,Goozee,1733095058
413,Rustin,Churcher,2979593163
414,Kimberli,Urquhart,7561389138
415,Janela,Doorbar,8905112084
416,Florencia,Gauford,8179150518
417,Dayna,Colicot,1948772064
418,Traci,Pineaux,5308035891
419,Jane,Poltone,9802321932
420,Junina,Babb,3667410064
421,Abner,Lownie,7312573480
422,Davita,Antoney,2165193171
423,Cynde,Whittleton,5993092354
424,Marisa,Cogin,4733732054
425,Audra,Proven,8726483515
426,Sharl,Stoffler,4794987185
427,Desmund,Ingamells,3541494913
428,Rudd,Brewster,9522120733
429,Nikkie,Martijn,9132770199
430,Natale,Hastie,7846603626
431,Hailee,Idney,5912160900
432,Harriett,Kirwin,7632808884
433,Bianca,Neles,7725744015
434,Kippie,Ladley,8397299662
435,Gasper,Easom,6555070808
436,Hanna,McPherson,9586343544
437,Grady,Lutman,2304980585
438,Russ,Attersoll,2494309384
439,Emanuel,Baumler,7531602568
440,Rosaleen,Crockley,1071618756
441,Elga,Nund,7561463988
442,Kyle,O'Connel,2218502421
443,Sayres,Fraschini,5436463703
444,Adorne,Swatridge,1177471663
445,Royce,Holleran,7228133603
446,Howard,Burge,6452746794
447,Dorice,Grisenthwaite,7547186340
448,Carlo,Hyland,7774668887
449,Mari,Doge,7078013743
450,Klarika,Matusevich,8158813607
451,Cristi,Coulthurst,5653081888
452,Andrey,Crocker,4956648336
453,Davis,Huitt,4045881837
454,Walsh,Middlemist,8219513653
455,Katusha,Krikorian,9818233909
456,Panchito,Beahan,9296333657
457,Roarke,Boulden,9643472466
458,Archie,Ruzek,1164981330
459,Jessamine,Summerscales,9151329109
460,Doralin,Nolot,9733853980
461,Cyndia,Chelam,3069032062
462,Rayshell,Piola,3349449039
463,Dyanna,Pyatt,1456139950
464,Gusty,Piccop,3371721992
465,Conrado,O'Hern,3134201004
466,Flemming,Woodrow,9829369181
467,Noe,Janaway,1116544383
468,Gerek,Jeandillou,4354014105
469,Eleanora,Reams,4983787780
470,Florentia,Abel,9169624067
471,Siana,Dufer,7271915313
472,Alena,Messier,3196822330
473,Elihu,Wasteney,4915642583
474,Fania,Lipprose,3705153636
475,Eustace,Weich,2125874096
476,Patti,Kilty,4055458857
477,Lancelot,Bracher,7987929977
478,Oona,Pedlingham,7413362538
479,Chris,Casaroli,2672533640
480,Shurlocke,Lyddiatt,9413747085
481,Constanta,Andresser,4757252499
482,Tore,Kleynermans,1413919526
483,Adelaide,Walework,6841495972
484,Kahaleel,Fullagar,1765645489
485,Gordan,Shilburne,9077975618
486,Sari,Iddy,5527980456
487,Gabriela,Bane,1841318614
488,Graham,Smitherham,3679353520
489,Tommie,Matveiko,2435971303
490,Shanda,Walisiak,8177184418
491,Clevie,Venning,3065385003
492,Dew,Sherratt,5069041632
493,Craggie,Castelow,8527102915
494,Doralia,Firebrace,8471055742
495,Reggis,Mariotte,5286331349
496,Nicholle,Rimmer,7737809391
497,Shannan,Slimme,1074101488
498,Myranda,Rollo,3904313546
499,El,Nesbit,1702849819
500,Fenelia,Truter,1907641291
501,Moselle,Sibbering,3468743816
502,Moses,Messingham,3939593018
503,Colene,Suddock,9859347165
504,Larry,Sedcole,1765254578
505,Gottfried,Zieme,4994888618
506,Brenden,Hurdis,1905077031
507,Horst,Bigrigg,9003684848
508,Gayle,Gavaran,2645667399
509,Thayne,Wildman,3451625813
510,Ursuline,Stoker,4448746106
511,Tate,Brightling,5953778860
512,Freddy,Glaisner,1359261436
513,Hillel,Le Barr,3534018132
514,Abram,McMenemy,5458810182
515,Ludovika,Akester,1508925326
516,Aliza,Skerritt,1201569274
517,Amalea,Bowfin,2595299452
518,Mollie,Leneve,4572057988
519,Jackqueline,Corzon,9302189639
520,Iorgo,McCadden,4047542613
521,Kev,Wisbey,9304624665
522,Deeyn,Eccles,7362114310
523,Jorgan,Twizell,3492943012
524,Jandy,Worman,5871527862
525,Howie,Langdale,4988117778
526,Abbie,Bagger,9176531240
527,Leonelle,Caines,9797480052
528,Arri,Crossan,6381772907
529,Gan,Adami,1788649686
530,Meridith,Drakes,9183551575
531,Stevena,Butterfint,2798421855
532,Eli,Kingscott,8354539255
533,Bartolomeo,Van Brug,1825258097
534,Ursola,Rosevear,4576880507
535,Casper,O'Glassane,2031779064
536,Barde,Baiss,9449540111
537,Tonia,Licciardi,9877927380
538,Mommy,Abbatucci,2367696295
539,Ileana,Kenen,6058276443
540,Chico,Chevalier,1636397207
541,Fidela,Ogglebie,1086666153
542,Bunny,Ramey,2722624553
543,Janaya,Wilden,6329532058
544,Brooks,Kassman,9025218585
545,Theresita,Fonquernie,9369953242
546,Herschel,Mouton,4518849799
547,Jess,Looney,2542110915
548,Ede,Dunwoody,3549734249
549,Cammy,De Moreno,1252463683
550,Phyllida,Newbury,1776801681
551,Evie,Massot,9069430934
552,Charin,Laurisch,7045361360
553,Babbie,Glennie,6253381757
554,Archie,Presman,1884249025
555,Bianka,Innwood,9018574798
556,Cacilie,Stare,1454028784
557,Scarlett,Olsson,9815924466
558,Gussie,Casini,6458994722
559,Yoshiko,Dome,3254575657
560,Terra,Tindley,1785815334
561,Heinrik,Priver,4173252162
562,Layton,Shewen,2201321949
563,Rory,Stitt,3498827369
564,Luca,Canaan,4131429604
565,Janine,Seiler,4732589476
566,Lily,Ripping,5216164201
567,Athene,Baumler,8493995369
568,Robbert,Poge,2421837928
569,Howie,Howard - Gater,1548140105
570,Adamo,Del Dello,2742879724
571,Darci,Handsheart,2248883639
572,Cammi,Klemke,6233817215
573,Josefina,Beggan,4408275113
574,Carney,Saggs,6754367879
575,Mandie,Metson,3666064160
576,Aeriell,Baudinelli,5684252855
577,Aeriela,Hearnshaw,8872314844
578,Brannon,Yeatman,3358064788
579,Olympe,McGivena,3675356378
580,Dirk,Cloutt,5209067534
581,Colver,Bovey,9823401146
582,Aurora,Bardill,1992918192
583,Milka,Westmerland,3888568060
584,Ludwig,Pinner,3074242805
585,Corliss,Dudliston,5489612327
586,Aundrea,Galliver,9514124347
587,Grethel,Sigsworth,9614137919
588,Robbyn,Keedy,8361040534
589,Eugenia,Dempster,4762717527
590,Darryl,Tal,7005535809
591,Woody,Gilbanks,2277153700
592,Joey,Mioni,6477146578
593,Ashely,Morton,9222492289
594,Mareah,Pellatt,2244164696
595,Dew,Venditto,5341880988
596,Edin,Oene,4488424029
597,Andris,Drinkhall,5504453895
598,Garald,MacConnell,9875274360
599,Torrey,Maunsell,7288520238
600,Manda,Eyton,9443294949
601,Elwira,Wisker,2723785026
602,Janot,Coopper,2308482761
603,Cherlyn,Harman,2013551687
604,Gertrude,Pridgeon,7865523656
605,Samantha,Eaden,6667167157
606,Viva,Tackle,7695331841
607,Marven,Allsworth,4349593113
608,Phillie,Aslin,4287461855
609,Sunny,Somerton,5424227263
610,Ethe,Mylchreest,8967331505
611,Kerrin,Ligoe,1116609614
612,Calley,Keenlayside,2659545102
613,Laurette,Pigdon,1539897382
614,Murdoch,Philippeaux,9113077294
615,Dinny,Abelov,5621312195
616,Ara,Blincoe,6452057118
617,Creigh,Olivello,4631433368
618,Roseanna,Phlipon,4848042923
619,Manfred,Mantz,9423657070
620,Nathan,Varns,5766810416
621,Cookie,Liddington,6328269926
622,Olenolin,Meaders,3311316482
623,Gregoor,Spitell,3505885061
624,Malia,Anders,3603703059
625,Guillaume,Crallan,8477550288
626,Katharine,Willard,9747386948
627,Bride,Penbarthy,3733928044
628,Ariadne,Epgrave,7562359601
629,Averyl,Fotitt,1468075891
630,Thelma,Sacaze,2332938427
631,Daniella,Goligher,9719168698
632,Carmelia,Blodg,5116246266
633,Sigismund,Emmatt,1244181587
634,Jillian,Oughtright,7602317146
635,Filberte,Denisot,9118331604
636,Hermy,Aleksankov,1976114322
637,Merv,Dzenisenka,4041055812
638,Tiphani,Lemary,5833633231
639,Abran,Duprey,3127708749
640,Olivero,Legister,3364086179
641,Jacques,Beange,4929448125
642,Durand,Goldston,1483779192
643,Beatrice,Durban,8258518141
644,Herman,Shakesby,1744643541
645,Vyky,Sanderson,3263030184
646,Philomena,Jamieson,5457394718
647,Avigdor,Evers,8406626981
648,Bastian,Lambarton,7503493610
649,Kane,O'Shea,1003605561
650,Ramona,Karet,5241767555
651,Milli,Thickin,5446660027
652,Ellynn,Granham,8398059205
653,Calhoun,Forrestall,5397426322
654,Jesse,Lanmeid,3841311420
655,Harman,Pullar,3503617444
656,Germaine,Batrim,3549958439
657,Stu,Crinkley,5319692907
658,Eadie,Mogg,3914832460
659,Kip,Sawford,2069975259
660,Marylinda,Bunyard,7634161120
661,Elizabeth,Fickling,3159604643
662,Agnes,Fullun,5558056309
663,Casie,Brende,3882931171
664,Rozelle,Piwall,2755297556
665,Anissa,Baines,9284414248
666,Courtenay,Dudden,2926939780
667,Tawnya,Gauch,5055538492
668,Aggi,Scrivinor,2986535977
669,Myrtice,Emms,3926501321
670,Margalit,Dunthorne,4144509527
671,Camilla,Beccero,5771801869
672,Dode,Syversen,7838467101
673,Randi,Hugin,3211139521
674,Flore,Culmer,2545952568
675,Carleen,Woolen,9838676555
676,Inglis,Haythorne,9924655556
677,Honey,Rembrant,7649014578
678,Tadd,Drohun,1034496795
679,Udell,Bartalini,1725740446
680,Keeley,O'Boyle,4016186389
681,Leah,Martensen,2665869529
682,Marquita,Carse,1566479540
683,Letti,Gorioli,3133910069
684,Michaella,Ingerman,6054202397
685,Ellynn,Maryan,8746960747
686,Tremayne,Wedge,9564517390
687,Law,Gouldeby,7331658393
688,Nevil,Huddles,4249170321
689,Hollis,Sizey,2127644487
690,Gretna,Pawels,9194470937
691,Ebenezer,Zack,3462386242
692,Raviv,Tupper,2045166798
693,Henryetta,Patis,3996787120
694,Wendel,Akroyd,2625837242
695,Corny,Minguet,2461835788
696,Kitty,O'Hern,5486482416
697,Tan,Oaten,5546377731
698,Lida,Leggatt,4018498303
699,Phillida,Broscombe,1279515147
700,Cissiee,Savary,1639514514
701,Genevieve,Durtnall,7079169686
702,Derk,Mattimoe,9871006790
703,Cherida,Bladge,7978423756
704,Bartel,Dawley,9989076484
705,Nicolette,McIllroy,5864310671
706,Eadith,Battersby,4799382688
707,Melodee,Sleney,4262968757
708,Nelli,Sprowson,5635659435
709,Sharai,Kincaid,4842523305
710,Connor,Balleine,9551280131
711,Holden,Symes,4644414130
712,Renaud,Milstead,7493219600
713,Dukey,Pattisson,7017820634
714,Siward,Micheli,4098414446
715,Nelie,Lavalde,2319343646
716,Benyamin,Rooms,1048473934
717,Marys,Midson,9611517651
718,Jacquenetta,Louys,8443502318
719,Mahala,Haquard,6819691154
720,Leanna,Garric,7259365510
721,Mallory,Newbery,1726538798
722,Jermayne,Wass,2628604148
723,Timmie,Wolvey,5297701232
724,Sonnnie,Reeme,1938092767
725,Halimeda,Shilston,7687691775
726,Lindsay,Burkman,7343598231
727,Raviv,MacRierie,9614363909
728,Cherianne,Witsey,5324958493
729,Helli,Heber,3362279852
730,Alica,Koubu,4636605404
731,Hewe,Branwhite,3635414728
732,Gwyn,Wey,8733556504
733,Daniel,Ord,3822678315
734,Evelyn,Edney,1106071836
735,Francklyn,Petrozzi,6665853911
736,Mikaela,Dresse,9049466699
737,Timmie,Klambt,9922018263
738,Nettle,Schollar,7401885514
739,Brittany,Wiggington,1568264177
740,Waylon,Gerrill,2382547151
741,Rodie,Aymer,1615265405
742,Dagmar,Beaufoy,8554136544
743,Ada,Shankle,1802825156
744,Kipp,Kerford,7014860669
745,Padriac,Quinane,6144283174
746,Cosimo,Rudham,3167201001
747,Lilly,Naptin,8831444657
748,Desi,Brookhouse,4161570806
749,Hashim,Lynagh,9183127947
750,Malissia,Poll,8282513286
751,Yvon,Armstrong,2109516292
752,Cammie,Heball,9545595826
753,Kevin,Aberdein,8471546015
754,Forest,Priestnall,4264646288
755,Rona,Sivill,3829985451
756,Lorilyn,Jakubovsky,4476766169
757,Nissie,Boxen,7399463803
758,Toinette,Langston,4482046218
759,Dimitry,Whitby,9607950570
760,Sigmund,Maundrell,3486884627
761,Tiphany,Jakubowski,5976097806
762,Brendin,Hundal,8614163467
763,Michaella,Alderwick,3416860243
764,Frank,Henden,2803913438
765,Lemmy,Salling,5709899233
766,Colas,Gentil,7874407056
767,Piggy,Spurdon,4758166849
768,Zoe,Januszewski,5344135376
769,Sybille,Toulmin,7291606361
770,Riannon,Lantuffe,4467485705
771,Otes,Bolsover,3826303145
772,Emmit,Scowcroft,6215481382
773,Kittie,Halden,5695450044
774,Ganny,Bullan,9585797863
775,Waring,Plott,2973443281
776,Vachel,Morrid,5758188966
777,Ellene,Larner,4302937602
778,Conrade,Simmig,1674012681
779,Sinclare,McFetrich,3947369462
780,Conan,Brachell,1543315503
781,Sabrina,Dunn,7691538283
782,Jeffry,Coverdill,7766663025
783,Penelopa,Scriviner,3846172996
784,Charlotte,Haughan,2033915758
785,Rycca,Dybell,5991500127
786,Aaron,Iorizzo,3345300871
787,Izaak,Inworth,7664431533
788,Chrotoem,Tzar,7624096793
789,Orville,Pressman,1598672569
790,Ruthann,Keast,9532871085
791,Evvy,Merrilees,5852990385
792,Cris,Southcomb,1783812633
793,Derek,Oliff,5613576642
794,Haley,Dungate,1914036258
795,Feliks,Starmore,5659938268
796,Laure,Scargill,5461224134
797,Gonzales,Avramovic,1419868156
798,Camille,Flanders,1683426613
799,Charin,Leverett,7937442975
800,Noreen,Kirtland,8133930882
801,Cleavland,MacCostigan,8287531598
802,Tracy,Priest,2156723368
803,Court,Bothe,3479220686
804,Lazar,Carman,2792360619
805,Zaria,Ions,1488876933
806,Free,Kupker,6153736939
807,Sherwynd,Lambie,8336399922
808,Alanna,Flockhart,2463984032
809,Wini,O'Feeny,7091033857
810,Allayne,Hintze,8335871551
811,Reynolds,Bleacher,7225128440
812,Halli,Lavender,8538431501
813,Kelsey,Twitching,2726688281
814,Conan,Emmer,5857108251
815,Lorianne,Smalcombe,4081370700
816,Christina,de Pinna,2148720410
817,Guss,Kiezler,5347540606
818,Rhonda,Olivie,2357732162
819,Jehanna,Rheaume,1095661193
820,Issy,Lange,4503716853
821,Leonerd,Fruchon,3964408874
822,Merrie,Elcox,8761558267
823,Candida,Pacquet,4648360317
824,Emylee,Rowth,8662915123
825,Dannye,Elphey,7735657839
826,Justus,Roskelly,5491240125
827,Johnette,Coarser,2185830334
828,Alexandro,Bellhouse,7463410777
829,Korey,Troup,7143253122
830,Madella,Maker,7953215325
831,Markus,Shovel,4293829427
832,Neila,Oger,7073064724
833,Carrissa,Clute,4647372536
834,Loretta,Wenham,2639459888
835,Germaine,Phizackerly,4419227109
836,Henrik,Stebbins,2707628215
837,Gui,Woolager,4018196690
838,Blanche,Blinco,9262272005
839,Fielding,Philpott,9584278000
840,Gusta,Rohfsen,1115644084
841,Hazel,Penfold,6802000527
842,Boniface,Coghlin,3806964030
843,Ruth,Khotler,7441435674
844,Darnall,Jakeway,1604342962
845,Sherry,Prandini,5434118165
846,Sutherlan,Jennrich,1665601431
847,Tabor,Vincent,9882808692
848,Myrlene,Jaine,8424526761
849,Barclay,Crum,3606165153
850,Idelle,Mateu,4368508035
851,Amabelle,Petett,7433617298
852,Michail,Sherland,7069287093
853,Daffi,Greig,1254201486
854,Ki,Casham,7747848636
855,Matias,O'Crevan,7596946411
856,Eadmund,Churcher,8292800904
857,Loy,Ghidoni,3816065642
858,Arlette,Nussgen,9105601797
859,Betteanne,Pretious,3078218261
860,Reynold,Duplan,3756540006
861,Westley,Taillant,1303083063
862,Benny,Runcie,4823458934
863,Crystie,Yantsev,2818340400
864,Sissie,Spyvye,7292138834
865,Natalina,Allix,9408376420
866,Callean,Koch,4232926047
867,Antonie,Dunphy,9374838642
868,Julietta,Chellam,8513560811
869,Welbie,Bettles,6396616401
870,Lyn,Kerins,1811380151
871,Sharla,Tedman,7593179166
872,Emmye,Skilbeck,7992238480
873,Deny,Tomas,3592218564
874,Saidee,Fetherstonhaugh,1052765493
875,Rutger,Waryk,7521806855
876,Cobb,Cristofori,2005634270
877,Alissa,Jotham,8349169980
878,Tanner,Tirkin,2588445048
879,Aurthur,Robelin,6161774931
880,Odelle,Nancarrow,7817288475
881,Margeaux,Mowling,4049153225
882,Riobard,Wardle,9946091242
883,Ellyn,Gravy,2271892677
884,Brennan,Maxfield,4939693055
885,Vasily,Tiebe,6053921526
886,Hattie,Kettlestringes,6046175689
887,Bondon,Hallmark,4287050641
888,Giraud,Cowle,3626610882
889,Cecilla,Cubbit,5599361591
890,Ketty,Puckinghorne,1019008155
891,Catie,Bergen,2842921996
892,Joelynn,Bartley,8084409232
893,Orin,Stanners,1139919283
894,Felipa,Philipart,5804187287
895,Amabelle,Vosse,3835241682
896,Caitrin,Knolles-Green,3816523940
897,Harmony,Coton,9611798152
898,Krisha,Ongin,2603630767
899,Mirabelle,Dabbs,9515158672
900,Noell,Lates,5025163821
901,Vite,Ludwikiewicz,2775587746
902,Shalne,Avarne,7813556454
903,Tabor,Tomankiewicz,9568135265
904,Bill,Mompesson,9482810591
905,Yuma,Harmeston,5617634558
906,Lonni,Hoolaghan,9799103105
907,Bella,Stathers,6039548320
908,Stafani,Danielou,9828608944
909,Gabie,Yurikov,9979123099
910,Sasha,Schusterl,6164299035
911,Adriano,Gowanson,1909288606
912,Ewen,Riepl,3374662681
913,Kennedy,Philips,8895042779
914,Belle,Garron,1428823756
915,Berny,Pointer,2381119619
916,Kathleen,Roseborough,1138552582
917,Wynne,Willerstone,2068078343
918,Ninnetta,Capey,9765654446
919,Artie,Coburn,9913843092
920,Myriam,De Metz,8162937216
921,Shayla,Murley,5905626222
922,Kara-lynn,Le Franc,5004543081
923,Philippine,Syer,1074147373
924,Rebbecca,O'Flannery,3493123460
925,Hyacinthia,Fleetwood,8127205508
926,Darrelle,Jurgen,8365023859
927,Loella,Luckin,4577351864
928,Chaddy,Wiggins,3084779750
929,Mechelle,Grgic,8266967671
930,Gill,Vamplers,9618582680
931,Sandy,Hattigan,3635238569
932,Jasmin,Yurocjkin,6676285731
933,Audrye,Wilsher,5982316318
934,Ambros,Camoletto,4761305047
935,Bald,Excell,4893525621
936,Kissie,Nazaret,7202049808
937,Miof mela,Eastmead,6479052569
938,Madison,Sprott,7912419592
939,Mia,Pentelow,7149969475
940,Randy,Milch,8043674393
941,Hercule,Natt,9579918863
942,Hubey,Uppett,1852073854
943,Eilis,Hawksley,7058360963
944,Yolane,Doughartie,4776864851
945,Porter,Jubert,1907822624
946,Emmi,Yude,5595262983
947,Veronike,Pellingar,9963125288
948,Elianore,Bendson,4798191700
949,Wally,Cawcutt,7872979462
950,Pierette,Risbridger,3172141408
951,Jaclyn,Aked,7128969404
952,Modestine,Mayoral,4684009830
953,Patrice,Skeggs,6436183460
954,Jackie,Lammert,1663568539
955,Kienan,Tommaseo,7048437135
956,Crosby,Malloy,2492928176
957,Shanie,MacRory,5166003060
958,Michell,Dupree,7479258930
959,Loria,Brehat,5396214590
960,Clim,Donat,6386219124
961,Jorie,Connett,4376005344
962,Carlene,Roache,4339543679
963,Stesha,Pitrelli,2367790806
964,Bonnibelle,Baswall,4804644715
965,Roch,Skeermor,6619397298
966,Gayelord,Frediani,1493210823
967,Rhys,Arrell,5399394582
968,Paxon,Ginnelly,7867077291
969,Camella,Bellany,7746280865
970,Grace,Rouf,7755066422
971,Jolie,Eliff,2741439456
972,Justino,Backsal,6068164672
973,Peyter,Cuff,9926196266
974,Ettore,Leere,5975973792
975,Jamison,Doghartie,1403697503
976,Sonnie,Boutellier,4864817094
977,Liv,Mumbray,2404517593
978,Alf,Verlander,6633876760
979,Midge,O'Ferris,6518586402
980,Aviva,Howkins,1067183705
981,Jonell,Yonnie,3002227987
982,Winifield,Spackman,7892521409
983,Brittney,Kegley,6618612983
984,Kara,Nevins,2882472316
985,Rudd,McNeil,9142650412
986,Fanchette,Hayter,4026344147
987,Cariotta,Showl,3849577837
988,Hildagard,Rottcher,8653737153
989,Helge,Casarino,8447219060
990,Jehu,Yarnall,5952045165
991,Valerye,Cuseick,5454113073
992,Dorette,Lambart,2723887733
993,Tait,Whisby,1678036716
994,Winni,Colling,7131480112
995,Vernen,Scone,6977361025
996,Dru,Blight,5721911425
997,Claudine,Bleddon,7803156568
998,Cully,Comino,7662980484
999,Mair,Eymor,5292864853
1000,Marne,Mc Elory,1197071169
