1,Murphy Sipes and Hammes
2,Simonis Inc
3,Koch-Padberg
4,Schumm-Okuneva
5,Connelly Schinner and Ruecker
6,Langosh Farrell and Muller
7,Hilll-Kunze
8,Torp-Thiel
9,Franecki Inc
10,Douglas Heidenreich and Schroeder
11,Ritchie Inc
12,Robel Inc
13,Schamberger-Leuschke
14,Emmerich Inc
15,Gorczany and Sons
16,Jakubowski LLC
17,Kling and Sons
18,Stamm-Ward
19,Kovacek Labadie and Rempel
20,Hoppe Medhurst and Blick
21,Little Leffler and Satterfield
22,Ruecker-Murray
23,Barton Predovic and Harber
24,Kassulke-Kris
25,Grant Wolff and Murazik
26,Cormier Harber and D'Amore
27,Satterfield Inc
28,Nikolaus Group
29,Zieme-Jast
30,Keebler Barton and Heidenreich
31,Hansen Hammes and Zemlak
32,Oberbrunner McClure and Daugherty
33,Cartwright-Blick
34,Bruen-Kuphal
35,Frami-Windler
36,Stokes Inc
37,Klein Botsford and Considine
38,Keeling Barton and Pagac
39,Walsh Group
40,Miller Sporer and Stiedemann
41,Bahringer Dare and Quigley
42,Bauch-Schultz
43,Smith-Funk
44,Langworth Group
45,Tremblay Inc
46,Runte LLC
47,Fisher-Hoppe
48,Herman LLC
49,McDermott Inc
50,Altenwerth-Corwin
51,Pouros Leffler and Kohler
52,Rice-Torp
53,Kuphal Terry and Cormier
54,Collins Purdy and Cassin
55,Corwin Group
56,Will Inc
57,Nicolas Claus
58,Carroll-Conroy
59,Dietrich-Langworth
60,Gerhold-Beier
61,Berge Kautzer and Marvin
62,Prohaska-Crooks
63,Wisoky-Krajcik
64,Raynor Dickens and Brown
65,Bartoletti-Hoppe
66,Gaylord Group
67,Witting Inc
68,Shanahan-Deckow
69,Ziemann-Kilback
70,Beahan-Dickinson
71,Ruecker LLC
72,Pacocha-Bashirian
73,King-McDermott
74,Hickle-Schneider
75,Nader-Bogisich
76,Halvorson LLC
77,Hills Will and Nienow
78,Huels LLC
79,Kshlerin and Sons
80,Lehner-Paucek
81,Collier Farrell and Pfannerstill
82,Cremin Group
83,Howe-Moore
84,Fritsch Lynch and Goldner
85,Wyman-Hessel
86,Hegmann Inc
87,Herzog-D'Amore
88,Schiller-Langworth
89,Botsford Inc
90,Fritsch Inc
91,Koepp Group
92,Cummings-Will
93,Swaniawski and Sons
94,Kerluke Rowe and Effertz
95,Lynch Group
96,Ebert-Goodwin
97,McLaughlin Hand and Simonis
98,Schulist-Witting
99,Greenholt and Sons
100,Kolvoric
101,Crona Inc
102,Witting and Sons
103,Farrell Labadie and Koepp
104,Carroll-Bernhard
105,Schmeler-Ward
106,Sanford Bosco and Wunsch
107,Botsford Group
108,Dicki Group
109,Cormier Morar and Schmidt
110,Waters Feil and Zulauf
111,Glover Herzog and Kuhn
112,Roob Schumm and Johnson
113,Homenick LLC
114,Cummerata-Brekke
115,Champlin Inc
116,Bechtelstar Group
117,Mraz Group
118,Bins and Sons
119,Deckard Group
120,Auer Leannon and Wilkinson
121,Jaskolski-Klocko
122,Schultz-Hegmann
123,Olson and Sons
124,Wunsch Schultz and Osinski
125,Jabeldowsky
126,Rempel-Denesik
127,Metz Kutch and Spencer
128,DuBuque-Renner
129,Champlin Murazik and Pacocha
130,Fritsch-Fadel
131,Oberbrunner Konopelski and Renner
132,Considine-Runte
133,Quitzon Nolan and Ebert
134,Glover-Gibson
135,Ullrich-Mraz
136,Gleichner-Harris
137,Kulas Kub and Stamm
138,Ziemann Leffler and Ziemann
139,Turcotte Inc
140,McGlynn Price and Balistreri
141,Dibbert O'Conner and Stanton
142,Batz Rolfson and Cruickshank
143,Kilback Jenkins and Blanda
144,Paucek-Okuneva
145,Rosenbaum-Walsh
146,Schroeder Jenkins and Roob
147,Ritchie LLC
148,Schaden-Bins
149,Nikolaus and Sons
150,Langworth Inc
151,Halvorson Deckow and Roob
152,Upton Grant and Hilpert
153,Willms-Bailey
154,Sanford Gottlieb and Hudson
155,Spinka-Hahn
156,Corkery and Sons
157,Cummerata-Murphy
158,Quitzon-Schulist
159,Rachel Group
160,Carroll and Sons
161,Hoeger Baumbach and Weimann
162,Jacobs Inc
163,Mayer LLC
164,Brekke-Adams
165,Wolff Anderson and Jacobi
166,Kohler Johns and Kris
167,Tromp Group
168,Treutel Denesik and Bechtelar
169,D'Amore Bogan and Renner
170,Braun-Doyle
171,Crooks-Runte
172,Stoltenberg McKenzie and Kshlerin
173,Bergnaum LLC
174,Boyle-Lind
175,Waters-Gorczany
176,Moen O'Connell and Lebsack
177,Gutkowski Buckridge and Blanda
178,Daniel Inc
179,Littel-Keeling
180,Kiehn Group
181,Watsica-O'Keefe
182,Davis-Reichert
183,Herman Batz and Nolan
184,Rowe Russel and Jerde
185,Reichel-Bosco
186,Bayer Group
187,Kovacek Group
188,Little and Sons
189,Schowalter-Johnson
190,Roob Halvorson and Kassulke
191,Reynolds Douglas and Stehr
192,Kovacek Kulas and Shanahan
193,Stehr Gerhold and Schiller
194,Mohr-Conroy
195,Spencer-O'Connell
196,Wehner-Jones
197,Reichert Group
198,Hyatt and Sons
199,Senger-Dicki
200,Beier and Sons
201,Medhurst-Ratke
202,Kuhn LLC
203,Dare-Schuster
204,Sanford-Bosco
205,Champlin Schultz and Sawayn
206,Keebler Kshlerin and Nolan
207,Schmeler Quitzon and Christiansen
208,Homenick Mante and Mills
209,Ortiz-Walsh
210,Abbott Konopelski and Murazik
211,Mosciski Group
212,Larson DuBuque and Jast
213,Price Group
214,Mazdaj Group
215,McKenzie Inc
216,Grajson
217,Bauch-Kuhn
218,Quigley Group
219,Miller Hahn and Bayer
220,Nicolas Inc
221,Vandervort-Yundt
222,Morar-Lemke
223,Roberts Inc
224,Harber and Sons
225,Greenfelder Inc
226,Mayer-Nolan
227,Steuber and Sons
228,Williamson and Sons
229,Ernser Inc
230,Hauck Walker and Stroman
231,Satterfield Metz and Kling
232,Gorczany McClure and Pfeffer
233,Schumm-Runte
234,Lind Crooks and Hauck
235,Jaskolski LLC
236,Kulas Rath and Cole
237,Hyatt Emmerich and Crona
238,Koepp-Schiller
239,McLaughlin Russel and Pollich
240,Paucek-Koelpin
241,Bechtelar Cormier and Lakin
242,Schmeler Hintz and Powlowski
243,Johnson Russel and Homenick
244,Robel Schowalter and Schaefer
245,Thompson Predovic and Kihn
246,Howell Inc
247,Leuschke Wolf and Lind
248,Turner Inc
249,Feil LLC
250,Hoppe-Wilkinson
251,Casper Jast and Stokes
252,Alistar
253,Mohr and Sons
254,Rice Group
255,Nitzsche and Sons
256,Mann-Beahan
257,Cummings-Toy
258,Swaniawski Moen and Quigley
259,Stoltenberg Aufderhar and Swift
260,Kihn Kshlerin and Okuneva
261,Murazik Group
262,Graved Clover
263,Raynor Inc
264,Weber Inc
265,Marquardt Inc
266,Sawayn-Schuppe
267,Jacobs Jaskolski and Green
268,Emmerich Bechtelar and Reynolds
269,Swaniawski Dach and Considine
270,Hartmann LLC
271,Sauer and Sons
272,Grady LLC
273,Tillman Lemke and Harvey
274,Hodkiewicz Gorczany and Kozey
275,Pollich-Towne
276,Legros Goldner and Franecki
277,Metz-Spencer
278,Murazik Rowe and Dooley
279,Gleason LLC
280,Schinner Stroman and Douglas
281,Mann Cronin and Torp
282,Farrell-Jakubowski
283,Torp-Harris
284,Grady-Gerlach
285,Schaefer-Green
286,Reinger-Green
287,Muller Donnelly and Koelpin
288,Windler Jones and Bogan
289,Streich and Sons
290,O'Reilly Lang and Halvorson
291,Kertzmann Bahringer and Orn
292,Champlin Glover and Morar
293,Boyer Medhurst and Heller
294,Wuckert-Kling
295,Mante and Sons
296,Berge Pollich and Medhurst
297,Carter Nikolaus and Bins
298,Jacobi Inc
299,Jacobsky Pictures
300,Kreiger Group
301,Pfannerstill-O'Keefe
302,Carroll Inc
303,Herzog-Baumbach
304,Jenkins Inc
305,McCullough Kuvalis and Turcotte
306,Kris Treutel and Runte
307,Towne Group
308,Mitchell LLC
309,Hettinger Lang and Kautzer
310,Bauch Wisoky and Connelly
311,Wolff-Hansen
312,Beer Towne and Ledner
313,Sauer Inc
314,Skopnik
315,Nader-McDermott
316,Frami and Sons
317,Quigley-Zieme
318,Waters LLC
319,Berge-Botsford
320,Effertz-Denesik
321,Streich LLC
322,Kub Yundt and Witting
323,Koch Group
324,Doyle Hahn and Berge
325,Farrell-Bechtelar
326,Lang Inc
327,Hackett LLC
328,Bosco-Reinger
329,Skiles-Kessler
330,Wilkinson Toy and McDermott
331,Blanda Group
332,Rosenbaum-Dickinson
333,Mann Inc
334,Turcotte Hansen and Kilback
335,Hudson Rosenbaum and Erdman
336,Doyle Bogan and White
337,Witting Ullrich and Crooks
338,Kovacek Cronin and Medhurst
339,Bogisich Wolff and VonRueden
340,Kautzer-Brekke
341,Kuhlman Grady and Harber
342,Franecki and Sons
343,Schulist-Hilpert
344,Larson-Cronin
345,Russel Inc
346,Brekke-Murphy
347,Grimes and Sons
348,Kirlin-Kunze
349,Kutch Inc
350,Murray Group
351,Rau-Bradtke
352,Waelchi Vandervort and Corkery
353,Pfannerstill-Swaniawski
354,Bechtelar Bins and Leffler
355,Tillman-Mueller
356,Jerde-Kovacek
357,Littel Inc
358,Johnson Windler and Jaskolski
359,Koss Rau and Turcotte
360,Kling-Klein
361,Mosciski-Blanda
362,Labadie Jerde and Haley
363,Connelly Group
364,D'Amore-Olson
365,Kreiger Goyette and Kulas
366,Balistreri Mertz and Kuvalis
367,Brown and Sons
368,Kohler-Hickle
369,Funk Smith and Adams
370,Stroman Inc
371,Dare-Connelly
372,Heathcote Abshire and Cartwright
373,McGlynn Mills and Spinka
374,Lubowitz Stoltenberg and Bashirian
375,Jacobi and Sons
376,Lockman Cremin and Kilback
377,Borer Howe and Armstrong
378,Littel-Schaefer
379,Weissnat and Sons
380,Swaniawski Solo
381,Schuster and Sons
382,O'Reilly-Bins
383,Yost-Keeling
384,Walter Stroman and Murphy
385,Waters-Romaguera
386,Gislason-Hickle
387,Roob-Emard
388,Littel Group
389,Jacobi LLC
390,Hilll-Brekke
391,Bashirian-Wuckert
392,Blanda LLC
393,Dicki and Sons
394,Sawayn-Homenick
395,Greenholt LLC
396,Crona-Tillman
397,Schroeder Group
398,Adams Inc
399,Bergnaum Champlin and Boyer
400,Krajcik-Moen
401,Kalih Group
402,Murazik-Steuber
403,VonRueden Schinner and Strosin
404,Osinski Inc
405,Mertz-Turner
406,Cronin Schultz and Lynch
407,Medhurst-Labadie
408,Zboncak Group
409,Davis LLC
410,Hamill-Windler
411,Emard-Abernathy
412,D'Amore Skiles and Abernathy
413,O'Connell-Macejkovic
414,Mertz-Reichel
415,Huel Inc
416,D'Amore Inc
417,Wildsky Industries
418,Gaylord-Hoppe
419,Padberg LLC
420,Kessler Runolfsdottir and Roob
421,Marquardt-McClure
422,Hammes Turcotte and Heidenreich
423,Cartwright and Sons
424,Glover Group
425,Bode Inc
426,Haag-Brekke
427,Lang Group
428,Dickinson West and Heller
429,Barton LLC
430,Kilback LLC
431,Casper-Kling
432,Davis and Sons
433,Daniel-Kunze
434,Lang Schinner and Nolan
435,Bauch-Erdman
436,Spinka-Abshire
437,Leannon-Tillman
438,Roberts-Block
439,Greener World
440,Ortiz-Beahan
441,Hintz-Runolfsdottir
442,VonRueden LLC
443,Shanahan Inc
444,Bahringer and Sons
445,Kuphal Group
446,Lehner and Sons
447,Schaefer-Fay
448,Trantow-Ullrich
449,Veum Inc
450,Jacobs and Sons
451,Ward-Stokes
452,Nienow-Lebsack
453,Hammes Orn and Lubowitz
454,Gibson Borer and O'Reilly
455,Kuvalis LLC
456,Schultz-Mills
457,Kapral Group
458,Jakubowski Lynch and Franecki
459,Streich razer
460,Considine Group
461,Steuber-Steuber
462,Rolfson Group
463,Fritsch Wiza and Dicki
464,Lynch Grant and McGlynn
465,Stamm-Schulist
466,Connelly Murphy and Nicolas
467,Marquardt-Roberts
468,Kobey and sons
469,Kerluke-Leffler
470,Sipes-Witting
471,Stehr Sauer and Murphy
472,DuBuque-Rodriguez
473,Hand Gibson and Herman
474,Langworth LLC
475,Bednar LLC
476,Robel Barton and Senger
477,Durgan-Hilpert
478,Rodriguez and Sons
479,Cartwright-Nicolas
480,Dach Bauch and Heller
481,Abbott LLC
482,Emard LLC
483,Becker-Schultz
484,Morissette and Sons
485,Koelpin Weissnat and Ferry
486,Green-Sawayn
487,Wiza-Beahan
488,Grant-Pagac
489,Parker Nicolas and Macejkovic
490,Aufderhar-Maggio
491,Wuckert-White
492,Cole Kuhn and Connelly
493,Schmeler Group
494,Abbott Jenkins and Kozey
495,Koss Group
496,O'Reilly Terry and Wehner
497,Schmidt-Orn
498,Doyle-Harvey
499,Rogahn and Sons
500,Jacobi-Becker
501,Stracke-Senger
502,Lehner Rodriguez and Steuber
503,Douglas Marks and Abbott
504,Jacobs-Jakubowski
505,Runolfsson-Sawayn
506,Jastarky
507,Reynolds-Cormier
508,Kertzmann-Ruecker
509,Fritsch Brakus and Rempel
510,Corwin-Parisian
511,Leffler-Marks
512,McGlynn Witting and Lindgren
513,Botsford Smitham and Goldner
514,Breitenberg and Sons
515,Miller and Sons
516,Schuster O'Reilly and Abernathy
517,Mosciski Treutel and Davis
518,Runolfsdottir-Jacobs
519,Cummerata and Sons
520,Mohr Olson and Klocko
521,Hand-Klocko
522,Farrell LLC
523,Fisher-Schinner
524,Barton-Wunsch
525,Halvorson Marquardt and Goyette
526,Reichel Inc
527,Weimann Kerluke and Vandervort
528,Abshire-Rempel
529,Dooley Brekke and Smith
530,Kemmer Pfeffer and Cole
531,Trantow Grimes and Kreiger
532,Kling LLC
533,Leuschke-Heidenreich
534,Haag Inc
535,Bernar LLC
536,Bartoletti-Block
537,Heidenreich Lueilwitz and Fritsch
538,Roberts and Sons
539,Gutkowski-Mann
540,Thiel and Sons
541,Bode-Quigley
542,Runolfsson-Huel
543,Hudson and Sons
544,Padberg Batz and Marvin
545,O'Hara-O'Kon
546,Renner LLC
547,Schroeder-Schoen
548,Wisoky and Sons
549,Funk-Lakin
550,Howe-Smitham
551,Barton Rogahn and Torp
552,Franecki LLC
553,Lowe Koch and Simonis
554,Nicolas-Reichert
555,Moen-Heller
556,Luettgen Breitenberg and Considine
557,Gutmann Walker and Kiehn
558,Baumbach Jacobi and Buckridge
559,Marvin LLC
560,Volkman LLC
561,Kilback Collins and Shields
562,White-Goodwin
563,Mayert-Hackett
564,Graham-Prosacco
565,Stanton-O'Connell
566,O'Conner Lakin and Jerde
567,Gerlach Group
568,Wilderman Frami and Ernser
569,Ziemann Inc
570,Shanahan Group
571,Migelande
572,Reichel Group
573,Mraz LLC
574,Bosco Hessel and Schamberger
575,Zulauf-Blick
576,Brown Koelpin and Littel
577,Herzog Inc
578,Pfeffer Homenick and Abernathy
579,Cronin and Sons
580,Macejkovic LLC
581,Ritchie Mraz and Feest
582,Jakubowski-Osinski
583,Shanahan and Sons
584,Gaylord Nienow and Schimmel
585,Morissette Stroman and Kunze
586,Krajcik Block and Dickinson
587,Altenwerth Lesch and Wyman
588,Ward Inc
589,Jast Inc
590,Bauch and Sons
591,Nicolas-Hirthe
592,Stroman-Keeling
593,McCullough-Marks
594,Anderson-Kuhic
595,Muller-Bergstrom
596,Schaefer-Heathcote
597,Reilly Inc
598,Beatty-Auer
599,Langosh-McDermott
600,Feest-Schamberger
601,Feest-Leuschke
602,Herzog And Dog
603,Lesterstar
604,Stiedemann-Hane
605,Upton Strosin and Predovic
606,Stroman-Collier
607,Heidenreich-Tillman
608,Dietrich Nienow and Larson
609,O'Kon-Sporer
610,Fadel Johnston and Connelly
611,Hudson-Jacobs
612,Kassulke Inc
613,Morissette Group
614,Dare Stroman and Kihn
615,Ondricka-Buckridge
616,Feest Group
617,Upton Group
618,Buckridge-Koelpin
619,Goodwin Group
620,Miller-Herzog
621,Becker Lemke and O'Conner
622,Kiehn Nikolaus and Gulgowski
623,Boyer Kuhlman and Luettgen
624,Kub-Lind
625,Blanda Hammes and Rohan
626,Nicolas-Gerlach
627,Gutkowski-Huel
628,Stamm-Johnston
629,Jerde-Donnelly
630,Kuhlman Group
631,Raynor Kiehn and Hills
632,Towne Bashirian and Pacocha
633,Price and Sons
634,Hilll Wyman and Miller
635,Lemke LLC
636,Glover O'Reilly and Hilpert
637,Kirlin-Boyle
638,Harber Bradtke and Raynor
639,Pouros Cronin and Crist
640,Terry Connelly and Stanton
641,Cruickshank Inc
642,Eve-lander
643,Franecki-Trantow
644,Rowe and Sons
645,Kiehn Koelpin and Larson
646,Harris-Wyman
647,Fadel Armstrong and Howell
648,Welch Rosenbaum and Pfannerstill
649,Fritsch-Bayer
650,Franecki-Bode
651,Swift and Sons
652,O'Kon-Orn
653,Emerald Loc
654,Watsica LLC
655,Kuvalis Pouros and Armstrong
656,Wisozk Group
657,Kassulke-Cummings
658,Fisher-Abbott
659,Rogahn Group
660,McClure and Sons
661,Runolfsson-Hills
662,Pfeffer Bogisich and Hansen
663,Dooley Wunsch and Pagac
664,Price-Jaskolski
665,Nikolaus Hauck and Jacobs
666,Weimann Group
667,Gutmann Schmeler and Berge
668,Beatty Langosh and Sanford
669,Jast Schultz and Hessel
670,Hessel-Harvey
671,Von Howell and Dach
672,Dooley and Sons
673,Rau-Mohr
674,Ryan Doyle and Goldner
675,Lebsack Group
676,Bernhard Jast and Fay
677,Brown-Fay
678,Dach Group
679,Windler Mayer and Dicki
680,Considine Heathcote and Bailey
681,Metz Konopelski and Goyette
682,Weimann LLC
683,Wildbeast Creations
684,Lockman-Renner
685,Lebsack-Wuckert
686,Blick Group
687,Oberbrunner-Trantow
688,Ledner-Macejkovic
689,Kulas Group
690,Wolff and Sons
691,Moen Schamberger and Wisoky
692,Brackrat
693,Blanda and Sons
694,Kuhlman and Sons
695,Brekke Kshlerin and Nader
696,Koelpin-Bashirian
697,Donnelly Inc
698,Conroy Group
699,Hegmann Funk and Prosacco
700,Schmidt Barrows and Upton
701,Windler Blanda and Ortiz
702,Reinger and Sons
703,Hermiston VonRueden and Feest
704,Graham Kuhn and Zulauf
705,Senger-Bartoletti
706,Christiansen-Walker
707,Mosciski Schmidt and Ledner
708,Friesen Block and Harris
709,Abernathy Hamill and Hamill
710,Rempel Emmerich and Pfeffer
711,Green-VonRueden
712,Barton-Windler
713,Crona-Kautzer
714,Weissnat Ferry and DuBuque
715,Hansen Group
716,Monahan-Harvey
717,Jaskolski Corkery and Gutmann
718,Ebert Vandervort and Thompson
719,Gerlach-Becker
720,Hane and Sons
721,Hartmann-Vandervort
722,Rolfson Mraz and Quigley
723,Upton-Hodkiewicz
724,O'Connell-Bechtelar
725,Crooks Schowalter and Corkery
726,Luettgen-Davis
727,Robel and Sons
728,Harber Terry and Crona
729,Hilll Waelchi and Halvorson
730,Kohler Inc
731,Prohaska Turcotte and Rice
732,Koch-Fay
733,Keebler Balistreri and Brakus
734,Lowe Stoltenberg and Johnson
735,Padberg Howell and Prosacco
736,Bartell-Hudson
737,Johnson Langosh and Effertz
738,Purdy Group
739,Nader Buckridge and Fahey
740,Beier Group
741,Kihn-Kuphal
742,Cummerata-Breitenberg
743,Donnelly-Goldner
744,Dickinson Inc
745,Von Group
746,Heller-Kiehn
747,Shanahan-Pacocha
748,Beatty and Sons
749,Klein and Sons
750,Quigley-Thiel
751,Skiles and Sons
752,Bernier Gibson and Bednar
753,Farrell-Bernier
754,MacGyver Daniel and Crist
755,Pacocha-Sawayn
756,Ratke Jast and Hegmann
757,Hilll-Kub
758,White-Kunze
759,Johnson Schneider and Bernhard
760,Windler Schmidt and Klocko
761,Crooks-Schulist
762,Roberts LLC
763,Gleason-Hermiston
764,Yost-Bins
765,White LLC
766,Bergenradel
767,Schmitt and Sons
768,Sipes and Sons
769,Batz Greenfelder and Dibbert
770,Christiansen Ziemann and Altenwerth
771,McGlynn-Dietrich
772,Gerlach and Sons
773,Turner-Morissette
774,Berge Inc
775,Quigley LLC
776,Boyer Johnston and Prosacco
777,Hills and Sons
778,Stark and Sons
779,Fay-Leannon
780,Conn Leannon and Cartwright
781,Brown Champlin and Hills
782,Heller Greenfelder and Quigley
783,Heidenreich Inc
784,Pagac-Barrows
785,Batz Davis and Hintz
786,Wehner O'Reilly and Witting
787,Kunze-Tremblay
788,Reynolds-Ebert
789,Feil Ferry and Williamson
790,Crooks LLC
791,Zboncak Howell and Vandervort
792,Crooks-Bogan
793,Bosco Group
794,Stehr Inc
795,Wilderman Inc
796,Lebsack McDermott and Aufderhar
797,Reynolds Inc
798,Connelly Rosenbaum and Johns
799,Rempel-Larkin
800,Ullrich Bradtke and Bashirian
801,Wyman-Towne
802,Thompson-Considine
803,Purdy Inc
804,Hermann Group
805,Beahan Inc
806,Langworth Luettgen and Steuber
807,Bednar Abernathy and Rosenbaum
808,Bayer-Mann
809,Bernhard-Crona
810,Torphy-Homenick
811,Vandervort-Wuckert
812,Feeney Inc
813,Mosciski and Sons
814,Larkin and Sons
815,Price Lueilwitz and Schamberger
816,Fahey Hane and Parker
817,Ankunding-Howell
818,Pacocha Swift and Predovic
819,Crooks and Sons
820,Kutch Torphy and Goodwin
821,Powlowski Breitenberg and Windler
822,Weber Group
823,Lockman Ondricka and Lehner
824,Jast and Sons
825,Friesen-Rosenbaum
826,Pollich-Reynolds
827,Lehner Group
828,Koss Inc
829,Auer Group
830,Gleichner LLC
831,Gerlach Friesen and Heller
832,Rau-Corwin
833,Cummings Inc
834,Kunde Brown and Schumm
835,Parisian-Reilly
836,Mills Russel and Rohan
837,Robel-Schoen
838,Murphy-Nader
839,Cruickshank-Fahey
840,Lubowitz Bergstrom and Prosacco
841,Roob Lueilwitz and Mayert
842,Ferry Inc
843,Rau Group
844,Kutch-Satterfield
845,Spencer-Rodriguez
846,Osinski Group
847,Russel-Toy
848,Oberbrunner and Sons
849,Volkman-Aufderhar
850,Beatty-Waters
851,Borer Turner and Jaskolski
852,Conroy-Boyer
853,Casper Hermiston and O'Hara
854,Murazik Inc
855,Blick Herzog and Nitzsche
856,Rodriguez Cormier and Sporer
857,Nicolas LLC
858,Dare Mann and D'Amore
859,Kemmer Streich and Howe
860,Deckow and Sons
861,Kuphal-Swaniawski
862,Halvorson Boyer and Jaskolski
863,McCullough-Bruen
864,Lindgren-Mraz
865,Bahringer Shields and Funk
866,Frami-Hodkiewicz
867,Muller Waelchi and Rolfson
868,Schmidt Balistreri and Kutch
869,Russel-Stokes
870,Bergstrom-Prosacco
871,Auer Emmerich and Howe
872,Littel Kreiger and Gleason
873,Bartoletti-Gleason
874,Monahan Weissnat and Mueller
875,Borer Mills and Funk
876,Daniel-Franecki
877,McGlynn Purdy and McDermott
878,Prohaska Bosco and Hickle
879,Corkery Group
880,Hilll Lebsack and Hegmann
881,Smitham Boehm and Wunsch
882,Ernser-Kautzer
883,Balistreri Gislason and Huel
884,Abshire Breitenberg and Jacobson
885,Paucek Inc
886,Moore-Orn
887,Jast Romaguera and Blanda
888,Waelchi Fahey and Keeling
889,Roberts-Hoppe
890,Wisoky-Bayer
891,Bernhard-Heidenreich
892,Legros-Jerde
893,Ziemann Kruger
894,Cronin Lebsack and Russel
895,Adams-Green
896,Funk and Sons
897,Green-Parisian
898,Daugherty-Balistreri
899,Bergstrom-Vandervort
900,Miller-Berge
901,NotSoWell
902,Denesik and Sons
903,Klein Group
904,Gleason Blanda and Baumbach
905,Pacocha Group
906,Effertz-Heaney
907,McLaughlin LLC
908,Shields Goodwin and Wilderman
909,Klein Treutel and Jacobson
910,Rodriguez-Buckridge
911,Wilderman Christiansen and Heller
912,Parisian-Lubowitz
913,Kuhic Inc
914,Aufderhar-Shields
915,Deckow Group
916,Smitham Terry and Marquardt
917,Thiel Inc
918,Hills Jacobson and Harvey
919,Kutch LLC
920,Morar Jones and Rempel
921,Kautzer-Swift
922,Glover LLC
923,Pagac Pacocha and Hand
924,Blanda West and Hauck
925,Quitzon and Sons
926,Donnelly Denesik and Kohler
927,Gusikowski LLC
928,Wyman-Kohler
929,Ferry LLC
930,Hilpert Block and Senger
931,Gerlach Ziemann and Bernier
932,Hauck Pacocha and Wyman
933,Von Lueilwitz and Hane
934,Bechtelar and Sons
935,Lebsack Jakubowski and Mayert
936,Cole LLC
937,Kilback-Conroy
938,Koepp and Sons
939,Lowe LLC
940,Towne-McCullough
941,Bogisich Rodriguez and Hamill
942,Grimes-Friesen
943,Waelchi Cummings and Morissette
944,Schoen Upton and Mueller
945,Wilderman-O'Conner
946,Zieme-Greenfelder
947,Strosin Herzog and Stark
948,Dare LLC
949,Wintheiser Will and Orn
950,Hartmann Gutkowski and Herzog
951,Bogisich Hintz and Ziemann
952,Corwin Gibson and Stroman
953,Cormier Greenholt and Nader
954,Mayer DuBuque and Howe
955,Weimann Runte and King
956,Balistreri-Lebsack
957,Upton Inc
958,Moore and Sons
959,Wisoky Group
960,Medhurst Cremin and Feeney
961,Stiedemann Inc
962,Roberts-Hilpert
963,Gislason and Sons
964,Feil Inc
965,Toy Bergstrom and Williamson
966,Wunsch Jacobs and Robel
967,Langworth Okuneva and Upton
968,Collins Feest and Rath
969,Thiel-Huel
970,Macejkovic-Bruen
971,Gleason Kihn and Mayert
972,Leuschke-Schuppe
973,Nolan-Hahn
974,Vandervort Group
975,Predovic Group
976,Powlowski-Kuhic
977,Weimann Crona and Schinner
978,Brekke-Wisoky
979,Torp Reinger and Walter
980,Rutherford Inc
981,Huel Bosco and Simonis
982,Mohr-Roberts
983,Kling-Gutmann
984,Parker LLC
985,Hartmann Lynch and Luettgen
986,Thompson and Sons
987,Price Inc
988,Anderson Christiansen and Cremin
989,Rath-Hammes
990,Lupis Group
991,Lakin-Goyette
992,Effertz Bernier and Hauck
993,Moore-Simonis
994,Quitzon-Stracke
995,Aufderhar-Quigley
996,Smitham Inc
997,Ankunding LLC
998,Crooks Rippin and Larkin
999,Becker Group
1000,Heidenreich-Frami